session_id,user_id,channel,device,country,session_date,pages_viewed,converted
sess_0001,user_312,paid_search,desktop,AU,22-03-2024,4,0
sess_0002,user_613,social,tablet,UK,15-01-2024,1,0
sess_0003,user_235,organic,mobile,US,04-01-2024,1,0
sess_0004,user_591,direct,desktop,UK,05-02-2024,3,0
sess_0005,user_186,organic,desktop,UK,01-02-2024,3,0
sess_0006,user_357,direct,mobile,SG,29-01-2024,4,0
sess_0007,user_508,paid_search,mobile,US,18-01-2024,4,0
sess_0008,user_091,organic,tablet,SG,14-01-2024,4,0
sess_0009,user_002,organic,mobile,AU,27-03-2024,5,0
sess_0010,user_638,social,mobile,US,10-03-2024,3,0
sess_0011,user_135,social,desktop,DE,12-01-2024,5,0
sess_0012,user_246,direct,mobile,DE,16-03-2024,5,0
sess_0013,user_117,social,mobile,US,24-02-2024,2,0
sess_0014,user_522,paid_search,mobile,SG,05-01-2024,3,0
sess_0015,user_565,social,mobile,UK,04-01-2024,4,0
sess_0016,user_072,organic,mobile,UK,12-01-2024,2,0
sess_0017,user_274,organic,desktop,US,28-01-2024,5,0
sess_0018,user_153,email,mobile,US,30-01-2024,4,0
sess_0019,user_467,paid_search,mobile,US,05-03-2024,4,0
sess_0020,user_240,direct,desktop,AU,18-03-2024,4,0
sess_0021,user_396,email,mobile,US,04-01-2024,4,0
sess_0022,user_130,direct,desktop,DE,12-03-2024,1,0
sess_0023,user_103,paid_search,desktop,SG,26-01-2024,4,0
sess_0024,user_077,paid_search,mobile,DE,24-03-2024,2,0
sess_0025,user_337,paid_search,tablet,US,30-03-2024,1,0
sess_0026,user_555,email,desktop,US,10-03-2024,4,0
sess_0027,user_093,organic,mobile,UK,23-02-2024,2,0
sess_0028,user_171,paid_search,mobile,UK,29-01-2024,4,0
sess_0029,user_368,social,tablet,US,27-02-2024,3,0
sess_0030,user_175,paid_search,mobile,UK,16-03-2024,2,0
sess_0031,user_598,organic,desktop,US,05-02-2024,4,0
sess_0032,user_477,organic,mobile,US,01-01-2024,1,0
sess_0033,user_602,direct,desktop,US,21-01-2024,3,0
sess_0034,user_204,organic,tablet,DE,30-03-2024,3,0
sess_0035,user_589,direct,desktop,US,24-02-2024,3,0
sess_0036,user_282,organic,desktop,US,13-02-2024,4,0
sess_0037,user_509,organic,desktop,DE,05-02-2024,5,0
sess_0038,user_225,email,tablet,DE,20-01-2024,3,0
sess_0039,user_644,social,desktop,DE,28-01-2024,2,0
sess_0040,user_594,organic,desktop,US,13-02-2024,1,0
sess_0041,user_180,paid_search,mobile,SG,14-01-2024,4,0
sess_0042,user_280,organic,desktop,SG,12-01-2024,5,0
sess_0043,user_347,email,mobile,SG,18-02-2024,3,0
sess_0044,user_693,email,mobile,US,13-01-2024,2,0
sess_0045,user_093,social,tablet,AU,15-02-2024,3,0
sess_0046,user_599,social,mobile,UK,14-02-2024,3,0
sess_0047,user_026,paid_search,desktop,US,18-03-2024,4,0
sess_0048,user_651,social,tablet,US,03-02-2024,1,0
sess_0049,user_047,email,tablet,US,06-01-2024,2,0
sess_0050,user_139,direct,mobile,UK,28-02-2024,5,0
sess_0051,user_430,paid_search,mobile,AU,09-03-2024,5,0
sess_0052,user_631,paid_search,desktop,SG,16-01-2024,4,0
sess_0053,user_456,paid_search,tablet,US,18-02-2024,4,0
sess_0054,user_661,direct,desktop,US,11-01-2024,5,0
sess_0055,user_094,paid_search,mobile,US,11-03-2024,4,0
sess_0056,user_250,social,desktop,UK,07-02-2024,8,1
sess_0057,user_213,direct,desktop,US,21-03-2024,5,0
sess_0058,user_003,paid_search,desktop,US,20-03-2024,5,0
sess_0059,user_113,organic,tablet,AU,16-02-2024,2,0
sess_0060,user_603,social,mobile,US,14-03-2024,2,0
sess_0061,user_117,organic,mobile,US,25-01-2024,5,0
sess_0062,user_463,social,mobile,DE,09-01-2024,1,0
sess_0063,user_309,paid_search,tablet,US,06-01-2024,5,0
sess_0064,user_437,paid_search,tablet,US,25-03-2024,4,0
sess_0065,user_330,social,mobile,SG,30-01-2024,1,0
sess_0066,user_333,social,mobile,US,07-02-2024,5,0
sess_0067,user_102,paid_search,desktop,US,11-01-2024,4,0
sess_0068,user_221,social,mobile,DE,30-01-2024,5,0
sess_0069,user_426,paid_search,desktop,US,13-01-2024,4,0
sess_0070,user_486,social,mobile,US,18-02-2024,2,0
sess_0071,user_134,organic,desktop,US,05-02-2024,3,0
sess_0072,user_421,paid_search,desktop,UK,28-02-2024,1,0
sess_0073,user_295,paid_search,desktop,DE,22-03-2024,1,0
sess_0074,user_230,social,mobile,UK,16-02-2024,4,0
sess_0075,user_588,email,mobile,UK,21-01-2024,3,0
sess_0076,user_629,organic,mobile,UK,17-02-2024,5,0
sess_0077,user_030,social,desktop,UK,15-02-2024,3,0
sess_0078,user_186,organic,desktop,US,27-01-2024,1,0
sess_0079,user_094,email,desktop,US,26-03-2024,1,0
sess_0080,user_320,social,mobile,US,04-02-2024,3,0
sess_0081,user_160,social,desktop,UK,30-03-2024,1,0
sess_0082,user_498,organic,desktop,DE,28-03-2024,4,0
sess_0083,user_441,social,mobile,US,23-03-2024,3,0
sess_0084,user_047,organic,desktop,UK,10-01-2024,3,0
sess_0085,user_141,organic,tablet,US,18-03-2024,2,0
sess_0086,user_180,social,mobile,US,22-03-2024,4,0
sess_0087,user_074,organic,mobile,US,22-01-2024,3,0
sess_0088,user_321,paid_search,desktop,US,09-03-2024,1,0
sess_0089,user_415,paid_search,desktop,DE,01-02-2024,1,0
sess_0090,user_091,organic,mobile,SG,21-01-2024,3,0
sess_0091,user_406,paid_search,mobile,US,29-02-2024,1,0
sess_0092,user_523,email,desktop,US,18-02-2024,1,0
sess_0093,user_661,social,mobile,US,04-02-2024,3,0
sess_0094,user_157,email,mobile,US,22-03-2024,5,0
sess_0095,user_476,social,desktop,US,29-03-2024,4,0
sess_0096,user_659,social,desktop,US,12-03-2024,5,0
sess_0097,user_451,social,desktop,SG,29-01-2024,2,0
sess_0098,user_361,organic,mobile,US,28-03-2024,1,0
sess_0099,user_079,paid_search,mobile,UK,11-02-2024,7,1
sess_0100,user_474,social,tablet,US,08-01-2024,4,0
sess_0101,user_668,paid_search,tablet,DE,30-01-2024,12,1
sess_0102,user_106,organic,desktop,UK,05-01-2024,4,0
sess_0103,user_041,email,desktop,AU,10-02-2024,5,1
sess_0104,user_373,organic,mobile,US,21-02-2024,2,0
sess_0105,user_054,paid_search,mobile,US,04-02-2024,5,0
sess_0106,user_291,social,desktop,US,09-01-2024,4,0
sess_0107,user_342,organic,desktop,AU,28-01-2024,2,0
sess_0108,user_133,organic,desktop,SG,13-03-2024,4,0
sess_0109,user_131,paid_search,tablet,US,10-02-2024,3,0
sess_0110,user_096,social,desktop,DE,28-01-2024,5,0
sess_0111,user_220,social,mobile,US,24-03-2024,2,0
sess_0112,user_080,organic,desktop,US,04-03-2024,2,0
sess_0113,user_039,organic,desktop,UK,20-02-2024,5,0
sess_0114,user_167,social,desktop,UK,23-03-2024,2,0
sess_0115,user_045,organic,desktop,UK,28-02-2024,4,0
sess_0116,user_460,paid_search,desktop,US,19-01-2024,3,0
sess_0117,user_377,organic,mobile,AU,03-02-2024,2,0
sess_0118,user_515,social,desktop,US,18-01-2024,4,0
sess_0119,user_257,paid_search,tablet,SG,01-02-2024,2,0
sess_0120,user_128,organic,mobile,US,12-03-2024,5,0
sess_0121,user_448,organic,desktop,US,09-03-2024,2,0
sess_0122,user_425,organic,tablet,SG,03-02-2024,1,0
sess_0123,user_230,organic,mobile,US,15-03-2024,3,0
sess_0124,user_141,organic,tablet,SG,24-02-2024,2,0
sess_0125,user_460,organic,tablet,UK,15-03-2024,4,0
sess_0126,user_562,social,tablet,US,21-02-2024,2,0
sess_0127,user_309,direct,desktop,US,16-02-2024,2,0
sess_0128,user_114,organic,mobile,UK,29-01-2024,1,0
sess_0129,user_248,email,mobile,UK,18-01-2024,5,0
sess_0130,user_427,social,mobile,US,06-03-2024,5,0
sess_0131,user_558,organic,desktop,UK,04-03-2024,5,0
sess_0132,user_045,paid_search,tablet,UK,12-01-2024,4,0
sess_0133,user_354,social,tablet,US,07-01-2024,4,1
sess_0134,user_137,organic,desktop,US,15-01-2024,3,0
sess_0135,user_491,organic,mobile,SG,20-01-2024,4,0
sess_0136,user_038,social,desktop,US,21-03-2024,4,0
sess_0137,user_528,organic,mobile,US,21-01-2024,7,1
sess_0138,user_293,paid_search,desktop,UK,28-03-2024,6,1
sess_0139,user_377,paid_search,desktop,SG,24-02-2024,1,0
sess_0140,user_192,paid_search,mobile,US,17-03-2024,3,0
sess_0141,user_435,paid_search,mobile,AU,09-01-2024,1,0
sess_0142,user_106,organic,desktop,SG,19-02-2024,3,0
sess_0143,user_171,organic,desktop,US,18-02-2024,4,0
sess_0144,user_630,social,mobile,US,17-03-2024,3,0
sess_0145,user_688,direct,mobile,AU,29-02-2024,1,0
sess_0146,user_147,social,mobile,SG,08-03-2024,1,0
sess_0147,user_661,email,desktop,US,02-02-2024,2,0
sess_0148,user_380,paid_search,mobile,UK,11-03-2024,4,0
sess_0149,user_322,paid_search,desktop,UK,02-01-2024,4,0
sess_0150,user_531,social,mobile,US,28-03-2024,4,0
sess_0151,user_220,paid_search,desktop,US,15-01-2024,4,0
sess_0152,user_139,direct,mobile,SG,28-03-2024,1,0
sess_0153,user_699,email,mobile,SG,09-03-2024,1,0
sess_0154,user_556,direct,tablet,DE,04-02-2024,5,0
sess_0155,user_371,organic,mobile,US,23-03-2024,2,0
sess_0156,user_027,paid_search,mobile,US,13-02-2024,4,0
sess_0157,user_627,paid_search,desktop,UK,15-01-2024,2,0
sess_0158,user_539,email,mobile,US,07-02-2024,4,0
sess_0159,user_658,paid_search,mobile,UK,25-02-2024,3,0
sess_0160,user_656,organic,mobile,UK,21-01-2024,5,0
sess_0161,user_128,paid_search,desktop,US,28-02-2024,1,0
sess_0162,user_355,paid_search,mobile,US,01-01-2024,2,0
sess_0163,user_651,direct,mobile,US,03-02-2024,2,0
sess_0164,user_515,direct,mobile,UK,05-03-2024,1,0
sess_0165,user_620,social,desktop,UK,23-01-2024,5,0
sess_0166,user_047,organic,tablet,US,05-03-2024,1,0
sess_0167,user_427,direct,desktop,US,14-01-2024,5,0
sess_0168,user_495,social,mobile,SG,21-03-2024,3,0
sess_0169,user_162,organic,desktop,US,08-02-2024,1,0
sess_0170,user_327,paid_search,mobile,US,22-03-2024,3,0
sess_0171,user_528,social,desktop,AU,05-03-2024,3,0
sess_0172,user_145,paid_search,mobile,UK,18-03-2024,2,0
sess_0173,user_164,organic,mobile,US,26-01-2024,2,0
sess_0174,user_511,email,tablet,DE,20-01-2024,2,0
sess_0175,user_403,direct,mobile,SG,17-02-2024,1,0
sess_0176,user_289,paid_search,tablet,US,21-01-2024,1,0
sess_0177,user_009,paid_search,desktop,DE,10-03-2024,5,0
sess_0178,user_375,email,mobile,SG,08-03-2024,4,0
sess_0179,user_076,organic,mobile,UK,01-01-2024,3,0
sess_0180,user_697,paid_search,mobile,UK,17-03-2024,5,0
sess_0181,user_572,social,mobile,US,11-02-2024,3,0
sess_0182,user_042,direct,desktop,US,03-03-2024,5,0
sess_0183,user_153,organic,mobile,US,03-01-2024,4,0
sess_0184,user_403,social,mobile,US,15-01-2024,2,0
sess_0185,user_546,direct,desktop,US,16-02-2024,5,0
sess_0186,user_690,paid_search,desktop,UK,09-02-2024,8,1
sess_0187,user_612,organic,mobile,US,31-01-2024,1,0
sess_0188,user_234,paid_search,tablet,DE,08-01-2024,5,0
sess_0189,user_390,social,desktop,US,31-01-2024,5,0
sess_0190,user_196,organic,desktop,US,13-03-2024,1,0
sess_0191,user_514,organic,mobile,US,11-01-2024,4,0
sess_0192,user_142,social,tablet,SG,11-01-2024,1,0
sess_0193,user_322,paid_search,desktop,AU,03-03-2024,4,0
sess_0194,user_625,direct,mobile,UK,09-01-2024,3,0
sess_0195,user_296,paid_search,tablet,US,09-03-2024,3,0
sess_0196,user_281,social,desktop,UK,17-01-2024,5,0
sess_0197,user_354,organic,desktop,UK,17-01-2024,4,0
sess_0198,user_355,direct,desktop,US,25-03-2024,1,0
sess_0199,user_278,direct,desktop,DE,01-03-2024,5,0
sess_0200,user_246,direct,desktop,US,11-03-2024,5,0
sess_0201,user_103,organic,desktop,UK,22-01-2024,1,0
sess_0202,user_564,paid_search,desktop,US,03-02-2024,1,0
sess_0203,user_489,direct,mobile,DE,08-03-2024,4,0
sess_0204,user_092,social,desktop,US,18-03-2024,1,0
sess_0205,user_180,social,mobile,DE,24-02-2024,1,0
sess_0206,user_508,paid_search,desktop,AU,28-01-2024,9,1
sess_0207,user_010,organic,desktop,SG,10-03-2024,1,0
sess_0208,user_657,organic,desktop,AU,29-03-2024,4,0
sess_0209,user_280,paid_search,mobile,AU,26-01-2024,4,0
sess_0210,user_191,organic,mobile,US,09-02-2024,3,0
sess_0211,user_180,organic,mobile,US,21-02-2024,2,0
sess_0212,user_089,social,desktop,US,26-03-2024,3,0
sess_0213,user_007,paid_search,mobile,AU,24-03-2024,2,0
sess_0214,user_597,organic,mobile,DE,17-02-2024,3,0
sess_0215,user_684,social,mobile,DE,26-02-2024,1,0
sess_0216,user_121,organic,mobile,US,07-03-2024,3,0
sess_0217,user_490,social,tablet,US,27-02-2024,2,0
sess_0218,user_483,organic,desktop,UK,16-01-2024,5,0
sess_0219,user_084,social,desktop,SG,01-02-2024,5,0
sess_0220,user_064,paid_search,mobile,US,29-01-2024,1,0
sess_0221,user_336,email,tablet,US,09-01-2024,2,0
sess_0222,user_094,email,mobile,DE,13-02-2024,4,0
sess_0223,user_468,email,mobile,US,03-01-2024,4,0
sess_0224,user_406,paid_search,desktop,DE,16-03-2024,1,0
sess_0225,user_353,organic,mobile,US,11-03-2024,4,0
sess_0226,user_033,social,mobile,US,30-01-2024,4,0
sess_0227,user_384,organic,mobile,US,16-03-2024,4,0
sess_0228,user_083,direct,mobile,SG,29-01-2024,4,0
sess_0229,user_122,social,desktop,UK,01-01-2024,3,0
sess_0230,user_004,organic,mobile,UK,10-01-2024,2,0
sess_0231,user_545,social,tablet,UK,21-03-2024,4,0
sess_0232,user_116,paid_search,mobile,UK,08-01-2024,2,0
sess_0233,user_247,organic,desktop,UK,30-01-2024,1,0
sess_0234,user_251,organic,mobile,US,09-01-2024,1,0
sess_0235,user_144,social,mobile,US,05-01-2024,1,0
sess_0236,user_592,paid_search,mobile,SG,12-02-2024,3,0
sess_0237,user_677,paid_search,desktop,US,10-01-2024,2,0
sess_0238,user_180,paid_search,mobile,US,06-03-2024,5,0
sess_0239,user_538,social,mobile,UK,31-01-2024,4,0
sess_0240,user_485,organic,mobile,US,05-02-2024,5,0
sess_0241,user_060,organic,mobile,SG,26-03-2024,4,0
sess_0242,user_262,paid_search,tablet,UK,03-03-2024,2,0
sess_0243,user_549,organic,desktop,AU,28-01-2024,1,0
sess_0244,user_041,social,mobile,US,10-03-2024,5,0
sess_0245,user_223,email,mobile,DE,17-01-2024,5,0
sess_0246,user_217,paid_search,desktop,US,14-03-2024,1,0
sess_0247,user_249,direct,tablet,US,14-03-2024,4,0
sess_0248,user_290,social,desktop,US,01-03-2024,3,0
sess_0249,user_510,paid_search,mobile,US,01-02-2024,5,0
sess_0250,user_209,paid_search,desktop,DE,01-03-2024,3,0
sess_0251,user_017,paid_search,mobile,UK,22-02-2024,2,0
sess_0252,user_201,organic,tablet,UK,25-01-2024,2,0
sess_0253,user_264,organic,mobile,SG,13-01-2024,3,0
sess_0254,user_173,social,mobile,DE,13-01-2024,4,0
sess_0255,user_556,social,mobile,US,25-03-2024,2,0
sess_0256,user_685,direct,tablet,UK,25-02-2024,1,0
sess_0257,user_155,organic,mobile,US,15-02-2024,1,0
sess_0258,user_495,organic,mobile,US,24-02-2024,5,0
sess_0259,user_543,social,mobile,UK,22-02-2024,1,0
sess_0260,user_184,social,mobile,US,29-02-2024,4,0
sess_0261,user_259,organic,mobile,US,07-01-2024,5,0
sess_0262,user_471,email,mobile,US,27-03-2024,4,0
sess_0263,user_670,paid_search,tablet,US,24-03-2024,1,0
sess_0264,user_566,direct,desktop,US,23-03-2024,4,0
sess_0265,user_661,paid_search,desktop,DE,13-01-2024,9,1
sess_0266,user_044,social,desktop,SG,08-01-2024,5,0
sess_0267,user_048,organic,tablet,DE,21-02-2024,3,0
sess_0268,user_184,direct,desktop,US,13-02-2024,1,0
sess_0269,user_079,direct,mobile,AU,14-01-2024,4,0
sess_0270,user_340,organic,desktop,UK,01-02-2024,5,0
sess_0271,user_513,paid_search,desktop,DE,25-01-2024,1,0
sess_0272,user_349,social,mobile,US,25-01-2024,1,0
sess_0273,user_031,social,desktop,UK,09-03-2024,3,0
sess_0274,user_385,social,desktop,UK,27-02-2024,5,0
sess_0275,user_303,paid_search,desktop,DE,18-01-2024,5,0
sess_0276,user_399,social,desktop,US,24-02-2024,2,0
sess_0277,user_277,organic,mobile,US,24-01-2024,3,0
sess_0278,user_418,organic,mobile,US,05-02-2024,5,0
sess_0279,user_395,organic,mobile,UK,29-02-2024,3,0
sess_0280,user_249,organic,mobile,DE,01-02-2024,5,0
sess_0281,user_275,paid_search,mobile,US,10-01-2024,3,0
sess_0282,user_079,paid_search,mobile,US,26-02-2024,4,0
sess_0283,user_201,paid_search,tablet,DE,11-03-2024,5,0
sess_0284,user_390,paid_search,mobile,US,13-01-2024,5,0
sess_0285,user_140,email,mobile,US,07-01-2024,5,0
sess_0286,user_408,organic,desktop,DE,24-03-2024,2,0
sess_0287,user_249,direct,mobile,DE,10-03-2024,5,0
sess_0288,user_205,organic,mobile,DE,02-01-2024,5,0
sess_0289,user_215,paid_search,mobile,DE,12-01-2024,4,0
sess_0290,user_690,paid_search,mobile,DE,31-01-2024,4,0
sess_0291,user_387,paid_search,desktop,US,22-01-2024,4,0
sess_0292,user_429,organic,tablet,UK,22-02-2024,5,0
sess_0293,user_609,paid_search,desktop,US,03-03-2024,5,0
sess_0294,user_171,social,mobile,DE,02-03-2024,3,0
sess_0295,user_340,social,mobile,AU,28-01-2024,4,0
sess_0296,user_532,direct,mobile,US,21-02-2024,5,0
sess_0297,user_696,paid_search,desktop,US,08-01-2024,4,0
sess_0298,user_303,paid_search,mobile,US,22-01-2024,4,1
sess_0299,user_357,paid_search,tablet,US,18-02-2024,2,0
sess_0300,user_100,organic,mobile,US,01-01-2024,4,0
sess_0301,user_024,paid_search,desktop,US,19-02-2024,1,0
sess_0302,user_529,email,desktop,DE,03-02-2024,2,0
sess_0303,user_415,organic,mobile,UK,28-02-2024,2,0
sess_0304,user_203,social,mobile,DE,06-02-2024,5,0
sess_0305,user_065,paid_search,mobile,US,24-02-2024,3,0
sess_0306,user_469,paid_search,desktop,UK,30-03-2024,2,0
sess_0307,user_612,organic,desktop,UK,12-03-2024,3,0
sess_0308,user_633,paid_search,mobile,US,25-03-2024,4,0
sess_0309,user_087,organic,desktop,SG,03-03-2024,5,0
sess_0310,user_145,social,mobile,US,20-01-2024,3,0
sess_0311,user_499,paid_search,mobile,US,25-01-2024,2,0
sess_0312,user_171,social,desktop,UK,07-02-2024,5,0
sess_0313,user_368,paid_search,mobile,US,28-01-2024,1,0
sess_0314,user_518,direct,mobile,US,08-01-2024,5,0
sess_0315,user_501,social,mobile,UK,15-03-2024,4,0
sess_0316,user_282,organic,desktop,DE,10-03-2024,1,0
sess_0317,user_563,organic,mobile,DE,08-01-2024,4,0
sess_0318,user_556,paid_search,desktop,US,10-02-2024,3,0
sess_0319,user_105,email,mobile,DE,08-01-2024,4,0
sess_0320,user_461,social,desktop,US,07-01-2024,1,0
sess_0321,user_243,organic,desktop,US,15-03-2024,1,0
sess_0322,user_648,organic,desktop,DE,02-03-2024,5,0
sess_0323,user_584,paid_search,desktop,DE,05-03-2024,1,0
sess_0324,user_297,paid_search,mobile,UK,08-03-2024,3,0
sess_0325,user_139,paid_search,tablet,UK,21-01-2024,1,0
sess_0326,user_136,direct,desktop,SG,08-01-2024,2,0
sess_0327,user_502,organic,desktop,SG,06-03-2024,4,0
sess_0328,user_649,organic,desktop,UK,11-01-2024,1,0
sess_0329,user_466,social,desktop,US,24-01-2024,3,0
sess_0330,user_470,direct,mobile,US,09-01-2024,1,0
sess_0331,user_224,social,desktop,SG,17-03-2024,4,0
sess_0332,user_346,direct,desktop,UK,09-01-2024,3,0
sess_0333,user_048,paid_search,mobile,SG,27-03-2024,1,0
sess_0334,user_452,organic,desktop,UK,31-01-2024,2,0
sess_0335,user_666,paid_search,tablet,US,21-02-2024,2,0
sess_0336,user_257,organic,desktop,SG,16-01-2024,3,0
sess_0337,user_240,organic,desktop,UK,13-03-2024,7,1
sess_0338,user_136,paid_search,mobile,US,01-02-2024,1,0
sess_0339,user_124,paid_search,mobile,US,15-03-2024,8,1
sess_0340,user_092,direct,mobile,US,17-03-2024,4,0
sess_0341,user_392,social,mobile,US,06-01-2024,2,0
sess_0342,user_071,social,desktop,US,20-03-2024,2,0
sess_0343,user_644,paid_search,mobile,DE,11-01-2024,2,0
sess_0344,user_089,social,tablet,UK,23-02-2024,2,0
sess_0345,user_440,email,mobile,US,25-03-2024,3,0
sess_0346,user_616,organic,mobile,US,15-03-2024,5,0
sess_0347,user_211,social,desktop,DE,13-03-2024,3,0
sess_0348,user_246,paid_search,mobile,DE,07-03-2024,1,0
sess_0349,user_013,paid_search,mobile,UK,10-02-2024,5,0
sess_0350,user_431,direct,tablet,US,03-02-2024,5,0
sess_0351,user_018,paid_search,desktop,DE,27-01-2024,1,0
sess_0352,user_519,paid_search,mobile,US,26-03-2024,4,0
sess_0353,user_085,organic,desktop,DE,10-02-2024,4,0
sess_0354,user_524,social,mobile,US,31-01-2024,1,0
sess_0355,user_650,direct,tablet,US,03-02-2024,5,0
sess_0356,user_245,social,desktop,UK,20-02-2024,4,0
sess_0357,user_057,organic,mobile,US,17-01-2024,5,0
sess_0358,user_012,organic,desktop,DE,26-03-2024,2,0
sess_0359,user_171,organic,tablet,UK,23-03-2024,3,0
sess_0360,user_031,paid_search,desktop,SG,08-02-2024,1,0
sess_0361,user_643,organic,mobile,UK,28-02-2024,5,0
sess_0362,user_171,organic,mobile,US,10-02-2024,5,0
sess_0363,user_234,paid_search,mobile,US,10-01-2024,1,0
sess_0364,user_484,social,mobile,SG,02-01-2024,3,1
sess_0365,user_567,paid_search,tablet,US,28-02-2024,1,0
sess_0366,user_427,email,desktop,DE,20-03-2024,2,0
sess_0367,user_515,direct,mobile,SG,13-03-2024,1,0
sess_0368,user_411,social,mobile,US,13-01-2024,1,0
sess_0369,user_089,organic,mobile,US,10-01-2024,3,0
sess_0370,user_638,paid_search,mobile,US,09-03-2024,3,0
sess_0371,user_560,organic,mobile,AU,28-01-2024,2,0
sess_0372,user_555,social,mobile,US,05-03-2024,2,0
sess_0373,user_674,organic,desktop,SG,03-02-2024,1,0
sess_0374,user_430,paid_search,desktop,US,17-01-2024,2,0
sess_0375,user_045,paid_search,mobile,AU,14-02-2024,1,0
sess_0376,user_470,direct,desktop,UK,09-01-2024,3,0
sess_0377,user_077,direct,mobile,US,01-02-2024,4,0
sess_0378,user_268,paid_search,mobile,DE,17-02-2024,3,0
sess_0379,user_326,email,tablet,US,06-02-2024,3,0
sess_0380,user_112,paid_search,mobile,AU,21-01-2024,5,0
sess_0381,user_367,organic,mobile,UK,26-02-2024,5,0
sess_0382,user_093,direct,mobile,US,10-03-2024,1,0
sess_0383,user_221,organic,desktop,SG,08-02-2024,1,0
sess_0384,user_406,email,mobile,US,19-03-2024,3,0
sess_0385,user_415,paid_search,desktop,US,24-03-2024,1,0
sess_0386,user_144,email,desktop,UK,08-03-2024,4,1
sess_0387,user_411,organic,mobile,DE,02-01-2024,2,0
sess_0388,user_077,paid_search,desktop,UK,26-03-2024,3,0
sess_0389,user_095,organic,mobile,SG,11-03-2024,2,0
sess_0390,user_052,direct,desktop,US,08-02-2024,10,1
sess_0391,user_392,organic,desktop,SG,25-03-2024,1,0
sess_0392,user_457,social,mobile,US,14-01-2024,3,0
sess_0393,user_511,email,mobile,UK,18-01-2024,3,0
sess_0394,user_430,paid_search,desktop,US,03-02-2024,2,0
sess_0395,user_020,organic,desktop,UK,15-01-2024,5,0
sess_0396,user_353,direct,desktop,US,14-01-2024,4,0
sess_0397,user_612,direct,mobile,US,11-03-2024,3,0
sess_0398,user_543,organic,desktop,DE,20-01-2024,10,1
sess_0399,user_673,paid_search,desktop,US,04-02-2024,2,0
sess_0400,user_590,organic,mobile,DE,06-02-2024,2,0
sess_0401,user_181,email,desktop,US,18-03-2024,2,0
sess_0402,user_029,organic,mobile,DE,27-01-2024,5,0
sess_0403,user_505,social,mobile,UK,13-02-2024,2,0
sess_0404,user_225,paid_search,mobile,US,27-01-2024,12,1
sess_0405,user_349,organic,mobile,US,28-03-2024,2,0
sess_0406,user_152,social,tablet,SG,22-03-2024,1,0
sess_0407,user_075,paid_search,tablet,DE,03-02-2024,3,0
sess_0408,user_331,paid_search,tablet,US,05-03-2024,3,0
sess_0409,user_665,organic,mobile,AU,03-03-2024,4,0
sess_0410,user_366,organic,desktop,UK,02-02-2024,5,0
sess_0411,user_131,organic,desktop,US,07-01-2024,3,0
sess_0412,user_034,organic,mobile,DE,12-01-2024,5,0
sess_0413,user_107,organic,mobile,SG,22-03-2024,5,0
sess_0414,user_172,direct,mobile,DE,24-02-2024,3,0
sess_0415,user_458,social,tablet,SG,05-02-2024,3,0
sess_0416,user_002,organic,mobile,DE,06-01-2024,1,0
sess_0417,user_505,organic,mobile,US,01-01-2024,4,0
sess_0418,user_667,email,mobile,US,12-02-2024,5,0
sess_0419,user_302,social,mobile,UK,17-01-2024,1,0
sess_0420,user_165,organic,mobile,US,22-03-2024,4,0
sess_0421,user_629,social,mobile,SG,03-02-2024,5,0
sess_0422,user_445,email,desktop,US,21-01-2024,5,0
sess_0423,user_554,organic,mobile,US,26-02-2024,5,0
sess_0424,user_563,organic,mobile,US,11-03-2024,12,1
sess_0425,user_678,email,mobile,US,24-02-2024,3,0
sess_0426,user_084,social,mobile,US,12-03-2024,3,0
sess_0427,user_094,paid_search,mobile,DE,02-01-2024,3,0
sess_0428,user_457,social,mobile,US,15-01-2024,2,0
sess_0429,user_064,organic,mobile,US,10-01-2024,5,0
sess_0430,user_424,organic,desktop,US,29-03-2024,5,0
sess_0431,user_429,direct,desktop,UK,20-01-2024,5,0
sess_0432,user_488,direct,desktop,AU,10-03-2024,2,0
sess_0433,user_530,organic,mobile,SG,05-01-2024,12,1
sess_0434,user_178,email,desktop,UK,17-02-2024,4,0
sess_0435,user_434,direct,mobile,US,15-03-2024,1,0
sess_0436,user_610,organic,desktop,US,11-03-2024,2,0
sess_0437,user_570,organic,tablet,SG,19-01-2024,4,0
sess_0438,user_639,paid_search,mobile,US,25-02-2024,1,0
sess_0439,user_603,paid_search,desktop,US,17-01-2024,5,0
sess_0440,user_293,paid_search,tablet,US,06-01-2024,1,0
sess_0441,user_586,email,desktop,SG,09-02-2024,4,0
sess_0442,user_698,social,mobile,US,16-02-2024,5,0
sess_0443,user_051,social,mobile,SG,06-01-2024,2,0
sess_0444,user_319,social,tablet,SG,15-02-2024,7,1
sess_0445,user_138,organic,mobile,DE,27-01-2024,2,0
sess_0446,user_620,organic,desktop,DE,28-03-2024,4,0
sess_0447,user_529,social,mobile,US,01-02-2024,4,0
sess_0448,user_519,email,desktop,UK,26-03-2024,3,0
sess_0449,user_198,paid_search,desktop,UK,14-01-2024,2,0
sess_0450,user_370,email,mobile,US,15-02-2024,3,1
sess_0451,user_698,social,mobile,SG,12-03-2024,1,0
sess_0452,user_601,organic,mobile,UK,22-02-2024,4,0
sess_0453,user_292,paid_search,mobile,SG,20-03-2024,1,0
sess_0454,user_227,organic,mobile,SG,20-01-2024,2,0
sess_0455,user_699,social,desktop,US,31-01-2024,1,0
sess_0456,user_230,organic,tablet,UK,21-01-2024,1,0
sess_0457,user_434,organic,desktop,US,23-01-2024,3,0
sess_0458,user_694,email,desktop,UK,22-02-2024,3,0
sess_0459,user_575,paid_search,desktop,UK,04-01-2024,8,1
sess_0460,user_345,social,desktop,US,23-01-2024,1,0
sess_0461,user_193,direct,desktop,SG,12-02-2024,3,0
sess_0462,user_414,organic,desktop,SG,22-02-2024,5,0
sess_0463,user_266,social,desktop,DE,26-03-2024,3,0
sess_0464,user_195,direct,mobile,DE,01-02-2024,5,0
sess_0465,user_688,organic,desktop,DE,04-02-2024,4,0
sess_0466,user_186,paid_search,mobile,US,21-01-2024,5,0
sess_0467,user_188,organic,mobile,DE,30-03-2024,5,0
sess_0468,user_315,direct,desktop,DE,14-01-2024,2,0
sess_0469,user_121,paid_search,desktop,US,18-02-2024,4,0
sess_0470,user_484,paid_search,desktop,UK,05-01-2024,1,0
sess_0471,user_424,email,mobile,SG,01-03-2024,3,0
sess_0472,user_584,organic,desktop,US,29-01-2024,4,0
sess_0473,user_083,email,tablet,US,26-01-2024,2,0
sess_0474,user_463,paid_search,desktop,US,28-02-2024,1,0
sess_0475,user_091,organic,desktop,US,14-02-2024,4,0
sess_0476,user_393,organic,mobile,US,09-02-2024,4,0
sess_0477,user_544,organic,mobile,DE,30-01-2024,3,0
sess_0478,user_320,organic,desktop,UK,29-01-2024,3,0
sess_0479,user_306,organic,mobile,UK,04-01-2024,1,0
sess_0480,user_138,direct,mobile,UK,25-03-2024,4,0
sess_0481,user_020,organic,tablet,US,25-01-2024,4,0
sess_0482,user_517,organic,desktop,US,21-02-2024,5,0
sess_0483,user_548,organic,mobile,DE,12-02-2024,7,1
sess_0484,user_050,social,desktop,US,05-02-2024,1,0
sess_0485,user_157,social,mobile,US,09-01-2024,4,0
sess_0486,user_679,organic,desktop,US,05-02-2024,1,0
sess_0487,user_524,paid_search,desktop,DE,14-02-2024,1,0
sess_0488,user_624,social,mobile,US,23-03-2024,2,0
sess_0489,user_303,organic,mobile,UK,06-03-2024,4,0
sess_0490,user_339,organic,mobile,SG,21-02-2024,4,0
sess_0491,user_686,organic,mobile,US,27-03-2024,5,0
sess_0492,user_263,paid_search,tablet,DE,09-03-2024,1,0
sess_0493,user_103,social,mobile,AU,12-02-2024,1,0
sess_0494,user_437,email,desktop,SG,04-01-2024,3,0
sess_0495,user_680,social,mobile,DE,15-01-2024,2,0
sess_0496,user_096,social,mobile,SG,03-02-2024,3,0
sess_0497,user_279,paid_search,mobile,US,23-01-2024,4,0
sess_0498,user_116,email,desktop,UK,15-03-2024,2,0
sess_0499,user_427,organic,desktop,AU,03-02-2024,1,0
sess_0500,user_389,direct,mobile,UK,05-01-2024,5,0
sess_0501,user_495,social,desktop,SG,14-01-2024,2,0
sess_0502,user_671,direct,mobile,US,17-03-2024,7,1
sess_0503,user_579,organic,desktop,DE,25-02-2024,5,0
sess_0504,user_098,organic,tablet,SG,14-02-2024,5,0
sess_0505,user_153,paid_search,desktop,UK,10-02-2024,4,0
sess_0506,user_518,email,desktop,AU,25-02-2024,5,1
sess_0507,user_329,email,desktop,SG,18-03-2024,10,1
sess_0508,user_413,organic,tablet,US,06-03-2024,4,0
sess_0509,user_511,email,mobile,US,15-01-2024,1,0
sess_0510,user_414,paid_search,mobile,UK,19-02-2024,1,0
sess_0511,user_634,paid_search,desktop,US,14-03-2024,5,0
sess_0512,user_350,social,desktop,UK,25-01-2024,4,0
sess_0513,user_635,paid_search,mobile,US,02-02-2024,5,0
sess_0514,user_675,paid_search,desktop,US,06-01-2024,1,0
sess_0515,user_561,organic,mobile,SG,25-02-2024,3,0
sess_0516,user_420,paid_search,desktop,US,01-01-2024,2,0
sess_0517,user_221,organic,desktop,US,07-03-2024,4,0
sess_0518,user_048,paid_search,desktop,DE,09-03-2024,4,0
sess_0519,user_469,direct,desktop,UK,28-03-2024,4,0
sess_0520,user_050,social,tablet,US,26-03-2024,5,0
sess_0521,user_593,paid_search,mobile,UK,26-01-2024,2,0
sess_0522,user_330,organic,desktop,US,16-02-2024,5,0
sess_0523,user_281,paid_search,mobile,AU,25-02-2024,2,0
sess_0524,user_423,paid_search,mobile,US,09-01-2024,2,0
sess_0525,user_322,social,desktop,UK,26-03-2024,5,0
sess_0526,user_298,social,tablet,UK,12-02-2024,5,0
sess_0527,user_516,social,tablet,US,20-03-2024,2,0
sess_0528,user_492,paid_search,desktop,DE,10-02-2024,5,0
sess_0529,user_293,paid_search,tablet,DE,25-03-2024,5,0
sess_0530,user_149,email,mobile,US,16-01-2024,4,0
sess_0531,user_700,organic,mobile,US,08-02-2024,3,0
sess_0532,user_034,organic,desktop,DE,05-03-2024,5,0
sess_0533,user_230,paid_search,mobile,UK,09-02-2024,5,0
sess_0534,user_681,social,desktop,US,26-03-2024,3,0
sess_0535,user_566,organic,mobile,US,22-02-2024,3,0
sess_0536,user_231,organic,desktop,US,11-02-2024,4,0
sess_0537,user_618,direct,desktop,UK,21-02-2024,5,0
sess_0538,user_192,organic,desktop,US,30-03-2024,1,0
sess_0539,user_570,direct,desktop,US,07-02-2024,7,1
sess_0540,user_159,organic,mobile,SG,11-03-2024,10,1
sess_0541,user_678,organic,tablet,UK,17-01-2024,5,0
sess_0542,user_539,organic,desktop,UK,25-01-2024,3,0
sess_0543,user_557,organic,mobile,US,23-02-2024,4,0
sess_0544,user_340,paid_search,mobile,US,26-03-2024,3,0
sess_0545,user_665,paid_search,mobile,DE,18-02-2024,5,0
sess_0546,user_637,organic,desktop,US,27-03-2024,5,0
sess_0547,user_396,organic,mobile,SG,23-01-2024,1,0
sess_0548,user_527,organic,desktop,US,19-03-2024,3,0
sess_0549,user_329,email,mobile,US,13-03-2024,2,0
sess_0550,user_547,paid_search,tablet,US,08-02-2024,5,0
sess_0551,user_107,organic,mobile,DE,21-02-2024,4,0
sess_0552,user_663,organic,desktop,SG,11-03-2024,4,0
sess_0553,user_039,email,mobile,DE,01-01-2024,8,1
sess_0554,user_234,organic,mobile,DE,08-02-2024,5,0
sess_0555,user_018,direct,mobile,UK,06-02-2024,3,0
sess_0556,user_600,paid_search,mobile,US,27-01-2024,1,0
sess_0557,user_309,organic,desktop,US,25-02-2024,3,0
sess_0558,user_486,social,mobile,AU,15-03-2024,1,0
sess_0559,user_303,organic,mobile,DE,18-03-2024,5,0
sess_0560,user_012,direct,mobile,DE,24-03-2024,3,0
sess_0561,user_404,paid_search,desktop,US,11-02-2024,12,1
sess_0562,user_217,paid_search,tablet,US,29-02-2024,3,0
sess_0563,user_632,paid_search,desktop,UK,26-02-2024,2,0
sess_0564,user_563,email,mobile,US,26-02-2024,1,0
sess_0565,user_203,paid_search,mobile,US,27-03-2024,1,0
sess_0566,user_103,social,mobile,US,28-01-2024,2,0
sess_0567,user_632,organic,mobile,US,06-03-2024,3,0
sess_0568,user_439,social,desktop,US,01-03-2024,3,0
sess_0569,user_284,organic,mobile,DE,22-01-2024,4,0
sess_0570,user_457,email,mobile,DE,25-03-2024,4,0
sess_0571,user_084,paid_search,mobile,UK,11-01-2024,5,0
sess_0572,user_642,email,desktop,US,06-02-2024,3,0
sess_0573,user_596,organic,mobile,US,06-03-2024,1,0
sess_0574,user_557,paid_search,desktop,US,25-03-2024,7,1
sess_0575,user_229,email,mobile,DE,22-03-2024,4,0
sess_0576,user_523,email,desktop,SG,20-03-2024,5,0
sess_0577,user_170,organic,mobile,US,12-02-2024,5,0
sess_0578,user_676,social,mobile,US,12-01-2024,5,0
sess_0579,user_225,email,mobile,DE,31-01-2024,1,0
sess_0580,user_531,social,mobile,US,27-03-2024,2,0
sess_0581,user_041,direct,mobile,UK,09-02-2024,1,0
sess_0582,user_270,direct,mobile,DE,29-01-2024,3,0
sess_0583,user_670,paid_search,desktop,US,26-01-2024,5,0
sess_0584,user_529,email,mobile,US,19-01-2024,2,0
sess_0585,user_007,paid_search,desktop,US,04-01-2024,5,0
sess_0586,user_217,paid_search,mobile,US,06-01-2024,3,0
sess_0587,user_425,organic,mobile,UK,01-02-2024,2,0
sess_0588,user_605,email,desktop,UK,01-03-2024,2,0
sess_0589,user_607,organic,desktop,US,19-03-2024,12,1
sess_0590,user_171,organic,desktop,US,10-01-2024,1,0
sess_0591,user_653,organic,mobile,AU,28-02-2024,5,0
sess_0592,user_222,organic,desktop,DE,23-02-2024,1,0
sess_0593,user_616,paid_search,tablet,SG,21-03-2024,4,0
sess_0594,user_271,organic,desktop,DE,14-03-2024,5,0
sess_0595,user_236,organic,desktop,AU,25-01-2024,1,0
sess_0596,user_430,paid_search,mobile,US,30-03-2024,5,0
sess_0597,user_040,email,desktop,US,19-02-2024,5,0
sess_0598,user_618,email,mobile,DE,04-03-2024,2,0
sess_0599,user_535,paid_search,mobile,AU,21-02-2024,4,0
sess_0600,user_391,paid_search,desktop,DE,01-02-2024,4,0
sess_0601,user_101,paid_search,desktop,SG,19-01-2024,5,0
sess_0602,user_291,paid_search,mobile,DE,24-03-2024,1,0
sess_0603,user_592,paid_search,mobile,US,29-03-2024,3,1
sess_0604,user_419,paid_search,mobile,US,01-01-2024,3,0
sess_0605,user_434,paid_search,mobile,DE,14-01-2024,5,0
sess_0606,user_424,paid_search,desktop,AU,24-02-2024,2,0
sess_0607,user_260,paid_search,desktop,US,29-01-2024,4,0
sess_0608,user_676,direct,desktop,DE,23-01-2024,2,0
sess_0609,user_220,organic,mobile,DE,30-03-2024,1,0
sess_0610,user_165,paid_search,desktop,SG,07-03-2024,1,0
sess_0611,user_615,paid_search,desktop,SG,29-02-2024,4,0
sess_0612,user_394,paid_search,mobile,US,07-01-2024,1,0
sess_0613,user_059,direct,mobile,DE,12-03-2024,5,0
sess_0614,user_673,direct,desktop,UK,01-02-2024,2,0
sess_0615,user_529,direct,mobile,US,16-01-2024,5,0
sess_0616,user_162,social,desktop,DE,28-02-2024,1,0
sess_0617,user_601,organic,mobile,US,18-01-2024,4,0
sess_0618,user_292,organic,mobile,DE,29-02-2024,5,0
sess_0619,user_232,social,desktop,UK,26-03-2024,3,0
sess_0620,user_180,social,mobile,AU,08-03-2024,3,0
sess_0621,user_526,paid_search,mobile,US,12-03-2024,1,0
sess_0622,user_387,direct,desktop,SG,17-03-2024,4,0
sess_0623,user_698,paid_search,desktop,DE,10-02-2024,4,0
sess_0624,user_392,paid_search,desktop,US,26-02-2024,1,0
sess_0625,user_423,social,tablet,DE,19-03-2024,3,0
sess_0626,user_295,direct,mobile,US,05-03-2024,2,0
sess_0627,user_488,organic,desktop,SG,24-02-2024,2,0
sess_0628,user_511,organic,mobile,UK,11-03-2024,2,0
sess_0629,user_208,social,mobile,US,27-02-2024,2,0
sess_0630,user_081,email,desktop,US,21-01-2024,1,0
sess_0631,user_044,social,desktop,UK,01-03-2024,5,0
sess_0632,user_282,email,mobile,US,27-02-2024,5,0
sess_0633,user_591,paid_search,tablet,SG,03-02-2024,2,0
sess_0634,user_515,organic,mobile,US,01-02-2024,1,0
sess_0635,user_531,organic,desktop,DE,22-03-2024,1,0
sess_0636,user_104,paid_search,desktop,US,05-02-2024,5,0
sess_0637,user_276,organic,desktop,US,07-03-2024,2,0
sess_0638,user_430,paid_search,desktop,US,03-03-2024,2,0
sess_0639,user_586,social,mobile,SG,21-03-2024,2,0
sess_0640,user_242,organic,desktop,US,31-01-2024,3,0
sess_0641,user_485,paid_search,desktop,US,05-02-2024,2,0
sess_0642,user_547,email,mobile,UK,26-02-2024,5,0
sess_0643,user_049,social,desktop,US,10-01-2024,5,0
sess_0644,user_645,paid_search,desktop,US,06-02-2024,4,0
sess_0645,user_264,organic,desktop,US,31-01-2024,5,0
sess_0646,user_204,organic,mobile,US,04-02-2024,5,0
sess_0647,user_364,paid_search,desktop,UK,12-02-2024,3,0
sess_0648,user_391,organic,mobile,DE,10-02-2024,1,0
sess_0649,user_432,social,mobile,AU,10-03-2024,3,0
sess_0650,user_352,social,desktop,SG,11-01-2024,2,0
sess_0651,user_278,organic,mobile,US,18-01-2024,4,0
sess_0652,user_462,email,desktop,AU,20-01-2024,5,0
sess_0653,user_082,paid_search,mobile,US,30-01-2024,3,0
sess_0654,user_562,organic,mobile,US,19-02-2024,4,0
sess_0655,user_269,organic,desktop,UK,29-03-2024,1,0
sess_0656,user_254,social,mobile,AU,20-01-2024,2,0
sess_0657,user_030,social,mobile,US,28-01-2024,2,0
sess_0658,user_554,organic,mobile,SG,09-01-2024,4,0
sess_0659,user_182,direct,mobile,US,23-02-2024,5,0
sess_0660,user_537,paid_search,mobile,DE,22-02-2024,4,0
sess_0661,user_092,social,mobile,SG,12-02-2024,2,0
sess_0662,user_536,paid_search,mobile,US,10-03-2024,1,0
sess_0663,user_504,email,desktop,US,29-02-2024,1,0
sess_0664,user_612,direct,mobile,US,23-02-2024,3,0
sess_0665,user_448,organic,mobile,US,08-01-2024,5,0
sess_0666,user_226,paid_search,mobile,DE,27-01-2024,4,0
sess_0667,user_279,organic,mobile,US,23-02-2024,5,0
sess_0668,user_187,organic,desktop,SG,19-02-2024,1,0
sess_0669,user_504,organic,mobile,UK,15-03-2024,5,0
sess_0670,user_105,organic,mobile,US,30-03-2024,2,0
sess_0671,user_155,organic,mobile,US,03-01-2024,4,1
sess_0672,user_381,organic,mobile,US,14-03-2024,4,0
sess_0673,user_058,paid_search,desktop,US,18-02-2024,2,0
sess_0674,user_391,organic,mobile,UK,02-03-2024,3,0
sess_0675,user_254,email,mobile,DE,01-01-2024,4,0
sess_0676,user_682,social,mobile,UK,15-02-2024,5,0
sess_0677,user_163,direct,mobile,DE,08-02-2024,3,0
sess_0678,user_493,social,mobile,AU,19-02-2024,3,0
sess_0679,user_116,social,mobile,SG,23-02-2024,2,0
sess_0680,user_123,organic,mobile,US,09-03-2024,5,0
sess_0681,user_611,paid_search,mobile,AU,10-03-2024,4,0
sess_0682,user_347,organic,desktop,US,18-03-2024,5,0
sess_0683,user_550,direct,tablet,UK,29-01-2024,5,1
sess_0684,user_450,social,mobile,US,03-03-2024,3,0
sess_0685,user_041,social,mobile,US,29-01-2024,3,0
sess_0686,user_581,paid_search,mobile,US,04-02-2024,2,0
sess_0687,user_568,organic,mobile,DE,25-02-2024,5,0
sess_0688,user_376,organic,mobile,US,03-03-2024,5,0
sess_0689,user_635,paid_search,desktop,UK,04-01-2024,1,0
sess_0690,user_397,email,desktop,US,19-02-2024,5,0
sess_0691,user_331,organic,desktop,DE,13-02-2024,3,0
sess_0692,user_133,paid_search,mobile,US,26-03-2024,1,0
sess_0693,user_585,organic,mobile,US,27-03-2024,1,0
sess_0694,user_263,social,mobile,UK,21-02-2024,5,0
sess_0695,user_672,organic,mobile,DE,22-01-2024,6,1
sess_0696,user_370,paid_search,desktop,US,29-02-2024,1,0
sess_0697,user_632,paid_search,tablet,US,17-01-2024,1,0
sess_0698,user_532,organic,mobile,US,20-03-2024,2,0
sess_0699,user_673,organic,desktop,UK,09-03-2024,5,0
sess_0700,user_109,organic,desktop,US,04-01-2024,4,0
sess_0701,user_107,social,desktop,DE,20-02-2024,4,0
sess_0702,user_547,organic,mobile,US,16-03-2024,2,0
sess_0703,user_381,direct,mobile,US,13-03-2024,3,0
sess_0704,user_577,paid_search,desktop,SG,25-03-2024,2,0
sess_0705,user_464,paid_search,mobile,UK,04-01-2024,3,0
sess_0706,user_017,paid_search,mobile,DE,11-01-2024,5,0
sess_0707,user_220,paid_search,tablet,US,23-03-2024,2,0
sess_0708,user_567,email,mobile,SG,24-02-2024,3,0
sess_0709,user_365,paid_search,desktop,UK,18-01-2024,4,0
sess_0710,user_308,organic,mobile,SG,29-02-2024,3,0
sess_0711,user_495,organic,mobile,SG,24-01-2024,3,0
sess_0712,user_610,organic,desktop,DE,07-01-2024,1,0
sess_0713,user_343,social,mobile,SG,03-02-2024,1,0
sess_0714,user_669,organic,desktop,US,18-02-2024,2,0
sess_0715,user_313,email,tablet,UK,11-02-2024,1,0
sess_0716,user_157,paid_search,mobile,UK,28-01-2024,2,0
sess_0717,user_590,organic,desktop,US,28-02-2024,5,0
sess_0718,user_345,paid_search,mobile,US,11-02-2024,2,0
sess_0719,user_409,organic,desktop,US,13-02-2024,1,0
sess_0720,user_203,paid_search,desktop,US,18-02-2024,5,0
sess_0721,user_253,paid_search,desktop,US,05-02-2024,5,0
sess_0722,user_092,organic,mobile,US,23-02-2024,5,0
sess_0723,user_609,organic,mobile,US,02-02-2024,3,0
sess_0724,user_639,social,desktop,US,11-01-2024,4,0
sess_0725,user_160,organic,mobile,SG,01-03-2024,3,0
sess_0726,user_152,social,desktop,US,03-01-2024,5,0
sess_0727,user_313,email,desktop,US,10-03-2024,1,0
sess_0728,user_560,paid_search,mobile,US,07-01-2024,2,0
sess_0729,user_685,paid_search,mobile,UK,14-02-2024,2,0
sess_0730,user_062,organic,desktop,DE,29-01-2024,5,1
sess_0731,user_069,organic,desktop,UK,24-03-2024,3,1
sess_0732,user_020,paid_search,mobile,SG,09-01-2024,1,0
sess_0733,user_102,organic,desktop,US,24-03-2024,5,0
sess_0734,user_513,direct,mobile,UK,06-01-2024,2,0
sess_0735,user_313,direct,desktop,DE,04-01-2024,11,1
sess_0736,user_364,organic,mobile,US,01-02-2024,3,0
sess_0737,user_641,social,mobile,AU,26-01-2024,1,0
sess_0738,user_287,organic,mobile,AU,03-01-2024,5,0
sess_0739,user_534,organic,mobile,US,20-03-2024,4,0
sess_0740,user_587,direct,desktop,UK,20-01-2024,2,0
sess_0741,user_135,organic,tablet,SG,31-01-2024,5,0
sess_0742,user_317,organic,mobile,UK,17-01-2024,2,0
sess_0743,user_672,social,desktop,SG,01-03-2024,2,0
sess_0744,user_189,direct,tablet,US,26-03-2024,1,0
sess_0745,user_422,organic,desktop,DE,15-01-2024,4,0
sess_0746,user_156,organic,desktop,SG,13-03-2024,3,0
sess_0747,user_632,social,mobile,US,28-01-2024,5,0
sess_0748,user_368,organic,desktop,US,29-02-2024,1,0
sess_0749,user_666,organic,desktop,US,30-03-2024,4,0
sess_0750,user_232,paid_search,desktop,UK,02-02-2024,2,0
sess_0751,user_228,organic,desktop,US,17-02-2024,4,0
sess_0752,user_632,social,tablet,DE,22-01-2024,4,0
sess_0753,user_043,paid_search,mobile,UK,18-03-2024,4,0
sess_0754,user_609,social,desktop,DE,18-03-2024,5,0
sess_0755,user_463,paid_search,desktop,DE,15-01-2024,4,1
sess_0756,user_406,paid_search,desktop,SG,21-01-2024,5,0
sess_0757,user_195,direct,mobile,US,09-02-2024,1,0
sess_0758,user_171,organic,mobile,US,14-01-2024,4,0
sess_0759,user_475,paid_search,desktop,US,15-03-2024,2,0
sess_0760,user_560,email,mobile,DE,04-01-2024,5,0
sess_0761,user_207,organic,mobile,UK,09-02-2024,5,0
sess_0762,user_127,email,mobile,US,14-03-2024,2,0
sess_0763,user_524,organic,desktop,UK,27-03-2024,4,0
sess_0764,user_344,social,mobile,UK,18-02-2024,2,0
sess_0765,user_053,paid_search,desktop,US,20-02-2024,2,0
sess_0766,user_121,paid_search,mobile,DE,26-01-2024,2,0
sess_0767,user_470,email,tablet,US,10-01-2024,1,0
sess_0768,user_244,paid_search,mobile,SG,16-03-2024,4,0
sess_0769,user_615,organic,desktop,UK,29-03-2024,5,0
sess_0770,user_051,organic,desktop,US,21-03-2024,2,0
sess_0771,user_684,organic,mobile,US,01-02-2024,1,0
sess_0772,user_427,paid_search,desktop,US,14-01-2024,1,0
sess_0773,user_587,direct,mobile,US,30-03-2024,5,0
sess_0774,user_096,social,mobile,UK,08-02-2024,1,0
sess_0775,user_564,social,mobile,SG,28-03-2024,4,0
sess_0776,user_540,organic,mobile,US,17-03-2024,3,0
sess_0777,user_645,paid_search,mobile,US,16-01-2024,12,1
sess_0778,user_438,paid_search,mobile,DE,13-03-2024,3,0
sess_0779,user_133,social,mobile,UK,06-01-2024,3,0
sess_0780,user_625,social,mobile,DE,14-02-2024,2,0
sess_0781,user_641,organic,mobile,US,09-03-2024,4,0
sess_0782,user_424,social,desktop,US,24-02-2024,4,0
sess_0783,user_289,organic,mobile,SG,25-03-2024,2,0
sess_0784,user_117,organic,mobile,US,17-02-2024,1,0
sess_0785,user_180,social,mobile,DE,09-01-2024,1,0
sess_0786,user_037,organic,desktop,AU,05-03-2024,4,0
sess_0787,user_344,social,mobile,UK,23-03-2024,5,0
sess_0788,user_307,paid_search,desktop,AU,13-02-2024,11,1
sess_0789,user_340,paid_search,desktop,UK,02-01-2024,12,1
sess_0790,user_032,social,desktop,US,23-02-2024,3,0
sess_0791,user_399,organic,mobile,UK,03-03-2024,5,0
sess_0792,user_033,organic,mobile,DE,14-01-2024,3,0
sess_0793,user_222,organic,mobile,SG,25-02-2024,3,0
sess_0794,user_095,paid_search,mobile,US,16-02-2024,6,1
sess_0795,user_349,paid_search,mobile,UK,22-03-2024,2,0
sess_0796,user_101,direct,desktop,UK,28-02-2024,2,0
sess_0797,user_471,email,tablet,DE,20-01-2024,1,0
sess_0798,user_609,paid_search,desktop,US,25-02-2024,1,0
sess_0799,user_024,email,mobile,SG,23-01-2024,3,0
sess_0800,user_294,paid_search,mobile,SG,07-03-2024,2,0
sess_0801,user_162,organic,mobile,US,24-03-2024,2,0
sess_0802,user_556,organic,mobile,UK,04-02-2024,2,0
sess_0803,user_588,paid_search,mobile,US,19-03-2024,3,0
sess_0804,user_052,organic,mobile,UK,09-03-2024,4,0
sess_0805,user_089,organic,mobile,DE,02-03-2024,1,0
sess_0806,user_632,paid_search,mobile,UK,29-02-2024,4,0
sess_0807,user_081,paid_search,mobile,US,25-02-2024,5,0
sess_0808,user_100,direct,desktop,UK,16-03-2024,4,0
sess_0809,user_230,paid_search,desktop,DE,04-02-2024,2,0
sess_0810,user_682,organic,desktop,US,11-02-2024,2,0
sess_0811,user_487,organic,desktop,US,01-02-2024,1,0
sess_0812,user_619,organic,mobile,SG,12-01-2024,3,0
sess_0813,user_334,paid_search,mobile,US,05-02-2024,1,0
sess_0814,user_424,paid_search,mobile,US,27-02-2024,5,0
sess_0815,user_349,organic,mobile,US,01-02-2024,1,0
sess_0816,user_351,organic,desktop,US,29-02-2024,5,0
sess_0817,user_499,paid_search,mobile,DE,13-03-2024,5,0
sess_0818,user_181,organic,desktop,US,19-03-2024,4,0
sess_0819,user_389,organic,mobile,UK,26-03-2024,5,0
sess_0820,user_595,organic,desktop,US,18-02-2024,2,0
sess_0821,user_464,direct,desktop,US,13-02-2024,2,0
sess_0822,user_307,paid_search,mobile,UK,04-01-2024,3,0
sess_0823,user_353,paid_search,tablet,US,04-03-2024,4,0
sess_0824,user_302,direct,desktop,UK,11-02-2024,2,0
sess_0825,user_368,organic,tablet,AU,24-01-2024,11,1
sess_0826,user_404,organic,mobile,US,03-03-2024,5,0
sess_0827,user_679,social,desktop,US,28-01-2024,2,0
sess_0828,user_428,organic,mobile,UK,15-02-2024,3,0
sess_0829,user_664,organic,tablet,DE,03-02-2024,1,0
sess_0830,user_087,organic,desktop,UK,13-02-2024,2,0
sess_0831,user_436,organic,desktop,SG,05-02-2024,5,0
sess_0832,user_364,social,mobile,US,17-03-2024,4,0
sess_0833,user_514,organic,mobile,US,30-03-2024,2,0
sess_0834,user_582,organic,tablet,UK,05-02-2024,3,1
sess_0835,user_146,paid_search,mobile,UK,12-03-2024,1,0
sess_0836,user_477,social,mobile,SG,02-01-2024,3,0
sess_0837,user_649,paid_search,mobile,UK,07-03-2024,1,0
sess_0838,user_012,paid_search,desktop,UK,25-01-2024,5,0
sess_0839,user_362,paid_search,mobile,UK,11-01-2024,4,0
sess_0840,user_312,direct,desktop,US,31-01-2024,12,1
sess_0841,user_587,social,desktop,US,22-02-2024,2,0
sess_0842,user_497,organic,tablet,SG,03-03-2024,3,0
sess_0843,user_631,organic,mobile,SG,12-03-2024,2,0
sess_0844,user_606,organic,desktop,US,31-01-2024,2,0
sess_0845,user_497,social,desktop,US,29-03-2024,2,0
sess_0846,user_610,organic,mobile,US,01-03-2024,2,0
sess_0847,user_244,direct,mobile,UK,23-03-2024,4,0
sess_0848,user_056,social,desktop,US,03-03-2024,3,0
sess_0849,user_488,social,desktop,US,27-02-2024,4,0
sess_0850,user_700,organic,desktop,DE,03-01-2024,4,0
sess_0851,user_296,social,mobile,US,12-01-2024,1,0
sess_0852,user_100,direct,mobile,DE,07-02-2024,1,0
sess_0853,user_344,direct,desktop,AU,29-01-2024,3,0
sess_0854,user_692,organic,desktop,US,21-02-2024,4,0
sess_0855,user_694,social,desktop,UK,29-03-2024,3,0
sess_0856,user_013,social,mobile,UK,01-02-2024,1,0
sess_0857,user_258,paid_search,mobile,DE,09-02-2024,3,0
sess_0858,user_614,organic,mobile,US,25-03-2024,2,0
sess_0859,user_385,social,desktop,US,15-03-2024,2,0
sess_0860,user_189,social,desktop,UK,17-02-2024,1,0
sess_0861,user_438,organic,mobile,AU,01-03-2024,3,0
sess_0862,user_284,social,desktop,DE,11-03-2024,1,0
sess_0863,user_183,social,mobile,US,08-03-2024,3,0
sess_0864,user_661,paid_search,mobile,AU,14-02-2024,2,0
sess_0865,user_453,paid_search,mobile,DE,24-02-2024,1,0
sess_0866,user_457,social,mobile,US,11-03-2024,3,0
sess_0867,user_681,organic,mobile,DE,12-02-2024,3,1
sess_0868,user_528,paid_search,mobile,US,15-02-2024,1,0
sess_0869,user_554,social,desktop,UK,30-03-2024,1,0
sess_0870,user_581,organic,mobile,DE,28-02-2024,1,0
sess_0871,user_648,paid_search,tablet,US,04-02-2024,1,0
sess_0872,user_083,direct,desktop,US,09-02-2024,3,0
sess_0873,user_041,email,desktop,US,02-02-2024,5,0
sess_0874,user_646,direct,desktop,US,30-01-2024,1,0
sess_0875,user_144,social,mobile,SG,16-01-2024,2,0
sess_0876,user_065,organic,mobile,AU,25-01-2024,4,0
sess_0877,user_017,social,desktop,UK,10-02-2024,4,0
sess_0878,user_217,organic,mobile,DE,16-01-2024,4,1
sess_0879,user_153,email,desktop,UK,09-03-2024,5,0
sess_0880,user_670,social,mobile,US,29-03-2024,4,0
sess_0881,user_015,organic,tablet,UK,24-01-2024,2,0
sess_0882,user_626,organic,mobile,US,25-01-2024,4,0
sess_0883,user_610,organic,desktop,SG,28-01-2024,4,0
sess_0884,user_333,social,mobile,SG,02-03-2024,4,0
sess_0885,user_047,organic,desktop,UK,05-02-2024,2,0
sess_0886,user_173,paid_search,mobile,US,16-03-2024,4,0
sess_0887,user_137,social,desktop,US,08-03-2024,1,0
sess_0888,user_499,organic,desktop,UK,17-03-2024,1,0
sess_0889,user_291,organic,mobile,AU,06-02-2024,5,0
sess_0890,user_147,paid_search,desktop,DE,13-01-2024,2,0
sess_0891,user_039,social,mobile,US,25-01-2024,5,0
sess_0892,user_357,paid_search,desktop,UK,07-02-2024,3,0
sess_0893,user_634,paid_search,desktop,US,30-01-2024,1,0
sess_0894,user_284,paid_search,desktop,UK,16-02-2024,2,0
sess_0895,user_510,organic,mobile,US,23-01-2024,4,0
sess_0896,user_215,organic,desktop,US,08-02-2024,3,0
sess_0897,user_107,paid_search,mobile,SG,02-01-2024,1,0
sess_0898,user_528,social,tablet,US,09-03-2024,4,0
sess_0899,user_430,organic,desktop,DE,17-01-2024,3,0
sess_0900,user_234,organic,desktop,US,05-02-2024,3,0
sess_0901,user_076,organic,desktop,SG,06-01-2024,2,0
sess_0902,user_466,paid_search,mobile,SG,07-01-2024,5,0
sess_0903,user_277,organic,mobile,UK,11-03-2024,3,0
sess_0904,user_114,organic,mobile,DE,07-02-2024,2,0
sess_0905,user_619,email,mobile,US,30-03-2024,3,0
sess_0906,user_567,organic,desktop,AU,17-01-2024,5,0
sess_0907,user_606,email,mobile,SG,22-03-2024,2,0
sess_0908,user_254,paid_search,mobile,US,03-03-2024,2,0
sess_0909,user_588,organic,desktop,SG,14-01-2024,2,0
sess_0910,user_035,email,mobile,US,02-01-2024,5,0
sess_0911,user_464,paid_search,mobile,SG,14-03-2024,1,0
sess_0912,user_224,paid_search,mobile,DE,06-02-2024,4,0
sess_0913,user_686,organic,mobile,UK,01-03-2024,4,0
sess_0914,user_466,organic,desktop,SG,02-03-2024,1,0
sess_0915,user_642,paid_search,mobile,DE,26-02-2024,3,0
sess_0916,user_544,paid_search,desktop,SG,13-02-2024,8,1
sess_0917,user_590,organic,mobile,US,24-01-2024,5,0
sess_0918,user_528,social,desktop,US,07-01-2024,1,0
sess_0919,user_477,direct,desktop,SG,02-02-2024,3,0
sess_0920,user_575,social,mobile,US,02-03-2024,1,0
sess_0921,user_665,social,mobile,AU,15-01-2024,1,0
sess_0922,user_231,paid_search,tablet,UK,09-01-2024,2,0
sess_0923,user_065,organic,desktop,UK,21-02-2024,1,0
sess_0924,user_545,paid_search,mobile,UK,03-03-2024,4,0
sess_0925,user_193,social,mobile,US,10-01-2024,1,0
sess_0926,user_079,email,mobile,US,14-03-2024,3,0
sess_0927,user_534,organic,mobile,DE,21-03-2024,2,0
sess_0928,user_486,direct,mobile,US,28-03-2024,2,0
sess_0929,user_023,organic,mobile,UK,07-01-2024,1,0
sess_0930,user_593,email,mobile,AU,20-01-2024,4,0
sess_0931,user_562,organic,desktop,US,20-01-2024,5,0
sess_0932,user_267,paid_search,mobile,US,13-03-2024,2,0
sess_0933,user_362,organic,mobile,US,08-02-2024,2,0
sess_0934,user_293,organic,tablet,UK,11-01-2024,5,0
sess_0935,user_166,organic,mobile,DE,01-02-2024,2,0
sess_0936,user_379,organic,mobile,US,16-01-2024,3,0
sess_0937,user_152,organic,desktop,US,12-03-2024,3,0
sess_0938,user_415,paid_search,mobile,US,23-02-2024,1,0
sess_0939,user_005,direct,desktop,AU,18-03-2024,2,0
sess_0940,user_486,direct,mobile,UK,17-03-2024,3,0
sess_0941,user_579,email,tablet,DE,20-03-2024,2,0
sess_0942,user_042,social,tablet,US,29-01-2024,4,0
sess_0943,user_457,organic,desktop,US,07-03-2024,2,0
sess_0944,user_228,paid_search,mobile,UK,18-02-2024,5,0
sess_0945,user_694,social,desktop,US,27-02-2024,4,0
sess_0946,user_618,social,mobile,UK,26-02-2024,3,0
sess_0947,user_438,social,tablet,SG,08-02-2024,2,0
sess_0948,user_575,paid_search,mobile,US,16-03-2024,4,0
sess_0949,user_296,organic,desktop,US,24-02-2024,4,0
sess_0950,user_143,organic,desktop,SG,09-02-2024,4,0
sess_0951,user_344,email,desktop,US,13-03-2024,5,0
sess_0952,user_655,organic,tablet,DE,20-03-2024,4,0
sess_0953,user_205,direct,mobile,UK,08-01-2024,2,0
sess_0954,user_600,organic,mobile,UK,19-03-2024,7,1
sess_0955,user_158,organic,desktop,UK,13-01-2024,3,1
sess_0956,user_428,organic,tablet,SG,27-01-2024,3,0
sess_0957,user_505,organic,tablet,UK,21-03-2024,7,1
sess_0958,user_447,direct,mobile,DE,28-01-2024,5,0
sess_0959,user_383,email,desktop,UK,03-02-2024,1,0
sess_0960,user_150,paid_search,desktop,SG,25-03-2024,1,0
sess_0961,user_370,organic,desktop,US,11-01-2024,3,0
sess_0962,user_655,paid_search,tablet,US,21-01-2024,5,0
sess_0963,user_614,direct,mobile,DE,31-01-2024,1,0
sess_0964,user_278,social,mobile,SG,23-01-2024,3,0
sess_0965,user_014,social,desktop,US,11-03-2024,2,0
sess_0966,user_105,organic,mobile,DE,10-01-2024,2,0
sess_0967,user_629,organic,mobile,SG,21-01-2024,5,0
sess_0968,user_428,social,tablet,SG,01-01-2024,1,0
sess_0969,user_357,paid_search,mobile,SG,22-02-2024,4,0
sess_0970,user_536,organic,mobile,SG,27-02-2024,5,0
sess_0971,user_228,social,mobile,DE,29-03-2024,4,1
sess_0972,user_134,organic,desktop,DE,17-03-2024,2,0
sess_0973,user_496,direct,mobile,DE,01-03-2024,1,0
sess_0974,user_608,social,mobile,US,07-02-2024,5,0
sess_0975,user_099,organic,mobile,US,05-01-2024,1,0
sess_0976,user_687,social,tablet,US,30-01-2024,2,0
sess_0977,user_357,paid_search,mobile,SG,06-02-2024,5,0
sess_0978,user_584,paid_search,desktop,DE,06-02-2024,5,0
sess_0979,user_289,organic,desktop,DE,30-03-2024,2,0
sess_0980,user_517,organic,desktop,US,28-02-2024,2,0
sess_0981,user_186,email,mobile,DE,10-01-2024,1,0
sess_0982,user_116,email,tablet,US,28-03-2024,4,0
sess_0983,user_370,social,mobile,UK,30-01-2024,4,0
sess_0984,user_395,social,desktop,US,03-02-2024,1,0
sess_0985,user_232,organic,desktop,US,21-03-2024,4,0
sess_0986,user_488,paid_search,mobile,SG,16-03-2024,1,0
sess_0987,user_406,direct,mobile,US,25-03-2024,1,0
sess_0988,user_605,paid_search,desktop,US,26-01-2024,4,0
sess_0989,user_204,direct,desktop,SG,24-02-2024,3,0
sess_0990,user_512,organic,desktop,AU,15-01-2024,4,0
sess_0991,user_365,organic,desktop,UK,10-03-2024,4,0
sess_0992,user_151,paid_search,desktop,US,29-01-2024,3,0
sess_0993,user_031,social,mobile,US,23-03-2024,2,0
sess_0994,user_392,organic,mobile,US,20-01-2024,2,0
sess_0995,user_677,social,mobile,US,04-02-2024,1,0
sess_0996,user_503,social,desktop,DE,19-01-2024,4,0
sess_0997,user_033,paid_search,mobile,SG,10-01-2024,1,0
sess_0998,user_454,direct,desktop,US,08-01-2024,4,0
sess_0999,user_169,paid_search,mobile,UK,22-01-2024,3,0
sess_1000,user_583,paid_search,mobile,DE,09-02-2024,1,0
